Description,Price,Rate,Review Counts,URL,Image
"Simple Joys by Carter's Unisex Babies' Washcloth Set, Pack of 10",$9.00,4.7 out of 5 stars,"(2,561)",https://www.amazon.com//gp/slredirect/picassoRedirect.html/ref=pa_sp_atf_aps_sr_pg1_1?ie=UTF8&adId=A012360821FBWMC8RKWIQ&qualifier=1670836827&id=4240173599828284&widgetName=sp_atf&url=%2FSimple-Joys-Carters-Washcloth-Assorted%2Fdp%2FB07ZPPY284%2Fref%3Dsr_1_1_sspa%3Fcrid%3DMV0KIF6CZWSJ%26keywords%3Dbaby%2Bcloth%26qid%3D1670836827%26sprefix%3Dbaby%2Bcloth%252Caps%252C304%26sr%3D8-1-spons%26psc%3D1,https://m.media-amazon.com/images/I/81iV5-cxHPL._AC_UL320_.jpg
Yoofoss Muslin Burp Cloths for Baby 10 Pack 100% Cotton Baby Washcloths for Boys Girls Large 20''X10'' Super Soft and Absorbent White,$18.95,4.7 out of 5 stars,"(15,470)",https://www.amazon.com//Muslin-Cloths-Cotton-Absorbent-YOOFOSS/dp/B088RBY8Y5/ref=sr_1_2?crid=MV0KIF6CZWSJ&keywords=baby+cloth&qid=1670836827&sprefix=baby+cloth%2Caps%2C304&sr=8-2,https://m.media-amazon.com/images/I/51ByeYwSPsL._AC_UL320_.jpg
"Orighty Baby Washcloths 24-Pack, Microfiber Coral Fleece Baby Face Towels, Soft and Absorbent Wash Cloths for Newborns, Infants and Toddlers, Gentle on Delicate Skin for Face Hands and Body, 7x9 Inch",$8.99,4.6 out of 5 stars,(849),https://www.amazon.com//Orighty-Washcloths-Microfiber-Absorbent-Newborns/dp/B09KRPRWXM/ref=sr_1_3?crid=MV0KIF6CZWSJ&keywords=baby+cloth&qid=1670836827&sprefix=baby+cloth%2Caps%2C304&sr=8-3,https://m.media-amazon.com/images/I/71yr15w-RTL._AC_UL320_.jpg
Bamboo Baby Washcloths - 2 Layer Soft Absorbent Bamboo Towel - Newborn Bath Face Towel - Natural Baby Wipes for Delicate Skin - Baby Registry as Shower(6 Pack),$9.98,4.8 out of 5 stars,"(14,893)",https://www.amazon.com//Organic-Bamboo-Baby-Washcloths-Hypoallergenic/dp/B07PF3B1K5/ref=sr_1_4?crid=MV0KIF6CZWSJ&keywords=baby+cloth&qid=1670836827&sprefix=baby+cloth%2Caps%2C304&sr=8-4,https://m.media-amazon.com/images/I/61jrCipyr3L._AC_UL320_.jpg
"Simple Joys by Carter's Unisex Babies' Washcloth Set, Pack of 10",$9.00,4.7 out of 5 stars,"(2,561)",https://www.amazon.com//Simple-Joys-Carters-Washcloth-Assorted/dp/B07ZPPY284/ref=sr_1_5?crid=MV0KIF6CZWSJ&keywords=baby+cloth&qid=1670836827&sprefix=baby+cloth%2Caps%2C304&sr=8-5,https://m.media-amazon.com/images/I/81iV5-cxHPL._AC_UL320_.jpg
"Muslin Burp Cloths 10 Pack Large 100% Cotton Hand Washcloths 6 Layers Extra Absorbent and Soft by Comfy Cubs (White, Pack of 10)",$18.95,4.8 out of 5 stars,"(32,590)",https://www.amazon.com//Muslin-Cloths-Cotton-Washcloths-Absorbent/dp/B08CBJ2SSQ/ref=sr_1_6?crid=MV0KIF6CZWSJ&keywords=baby+cloth&qid=1670836827&sprefix=baby+cloth%2Caps%2C304&sr=8-6,https://m.media-amazon.com/images/I/51ArKjuQ2dL._AC_UL320_.jpg
"16 Pack Baby Washcloths - Luxury Multicolor Coral Fleece - Extra Absorbent and Soft Wash Clothes for Newborns, Infants and Toddlers - Suitable for Sensitive Skin and New Born - Baby Shower",$9.86,4.8 out of 5 stars,"(7,113)",https://www.amazon.com//Pack-Baby-Washcloths-Multicolor-Absorbent/dp/B08DN1KTRH/ref=sr_1_7?crid=MV0KIF6CZWSJ&keywords=baby+cloth&qid=1670836827&sprefix=baby+cloth%2Caps%2C304&sr=8-7,https://m.media-amazon.com/images/I/810Z9X7tl5L._AC_UL320_.jpg
"Burt's Bees Baby - 5 Pack of Burp Cloths, 100% Organic Cotton (1 Cloud, 1 Solid Color, 1 Honey Bee Print, 1 Stripe, 1 Alphabet Bee Print, Heather Grey)",$18.46,4.9 out of 5 stars,"(10,369)",https://www.amazon.com//Burts-Bees-Baby-Absorbent-Organic/dp/B01HG74QLI/ref=sr_1_8?crid=MV0KIF6CZWSJ&keywords=baby+cloth&qid=1670836827&sprefix=baby+cloth%2Caps%2C304&sr=8-8,https://m.media-amazon.com/images/I/81VRJrLmKVL._AC_UL320_.jpg
"12 Pack Baby Washcloths - Extra Absorbent and Soft Wash Clothes for Newborns, Infants and Toddlers - Suitable for Baby Skin and New Born - Microfiber Coral Fleece 12x12 Inches",$12.99,4.8 out of 5 stars,"(5,269)",https://www.amazon.com//Pack-Baby-Washcloths-Absorbent-Microfiber/dp/B08696F67M/ref=sr_1_9?crid=MV0KIF6CZWSJ&keywords=baby+cloth&qid=1670836827&sprefix=baby+cloth%2Caps%2C304&sr=8-9,https://m.media-amazon.com/images/I/71fj7G9scIL._AC_UL320_.jpg
"Simple Joys by Carter's Baby Boys' Short-Sleeve Bodysuit, Pack of 6",$13.50,4.9 out of 5 stars,"(49,715)",https://www.amazon.com//Simple-Joys-Carters-Short-Sleeve-Turquoise/dp/B01MDUHQGI/ref=sr_1_10?crid=MV0KIF6CZWSJ&keywords=baby+cloth&qid=1670836827&sprefix=baby+cloth%2Caps%2C304&sr=8-10,https://m.media-amazon.com/images/I/91U4UktkVaL._AC_UL320_.jpg
Newborn Baby Boy Girl Clothes Ribbed Knitted Cotton Long Sleeve Romper Long Pants Solid Color Fall Winter Outfits,$16.99,4.7 out of 5 stars,"(4,330)",https://www.amazon.com//Newborn-Clothes-Ribbed-Knitted-Outfits/dp/B08L93432B/ref=sr_1_11?crid=MV0KIF6CZWSJ&keywords=baby+cloth&qid=1670836827&sprefix=baby+cloth%2Caps%2C304&sr=8-11,https://m.media-amazon.com/images/I/61stHEgKLRL._AC_UL320_.jpg
"Spasilk Washcloth Wipes Set for Newborn Boys and Girls, Soft Terry Washcloth Set, Pack of 10, Blue",$6.29,4.6 out of 5 stars,"(18,805)",https://www.amazon.com//Spasilk-Pack-Soft-Terry-Washcloths/dp/B0071H0M6C/ref=sr_1_12?crid=MV0KIF6CZWSJ&keywords=baby+cloth&qid=1670836827&sprefix=baby+cloth%2Caps%2C304&sr=8-12,https://m.media-amazon.com/images/I/81eaqIu7VpL._AC_UL320_.jpg
Gerber unisex-baby 8-pack Short Sleeve Onesies Bodysuits,$21.95,4.8 out of 5 stars,"(45,273)",https://www.amazon.com//Gerber-Short-Sleeve-Onesies-Bodysuits-Animals/dp/B081DJ36G4/ref=sr_1_13?crid=MV0KIF6CZWSJ&keywords=baby+cloth&qid=1670836827&sprefix=baby+cloth%2Caps%2C304&sr=8-13,https://m.media-amazon.com/images/I/815hVSJKicL._AC_UL320_.jpg
FOOK FISH Muslin Baby Burp Cloths 6 Pack Premium Cotton Burping Rags for Newborn Ultra Soft and Absorbent Unisex Spit Up Rags for Boys and Girls Perfect Baby Registry Gift 20'' X 10'',$14.99,4.8 out of 5 stars,(740),https://www.amazon.com//Premium-Burping-Newborn-Absorbent-Registry/dp/B08X4319RH/ref=sr_1_14?crid=MV0KIF6CZWSJ&keywords=baby+cloth&qid=1670836827&sprefix=baby+cloth%2Caps%2C304&sr=8-14,https://m.media-amazon.com/images/I/716qIcVcrJL._AC_UL320_.jpg
"MUKIN Baby Muslin Washcloths - Soft Face Cloths for Newborn, Absorbent Bath Face Towels, Baby Wipes, Burp Cloths or Face Towels, Baby Registry as Shower. Pack of 6 -12x12 inches (Pink)",$12.99,4.6 out of 5 stars,(704),https://www.amazon.com//MUKIN-Baby-Muslin-Washcloths-Cloths/dp/B09BKQS64Y/ref=sr_1_15?crid=MV0KIF6CZWSJ&keywords=baby+cloth&qid=1670836827&sprefix=baby+cloth%2Caps%2C304&sr=8-15,https://m.media-amazon.com/images/I/61U14D8dWhL._AC_UL320_.jpg
"Super Soft Burp Cloths 8 Pack - Thick Baby Washcloths - Extra Absorbent - Perfect Size Large 20"" by 10"" - Light and Easy to Carry - Milk Spit Up Rag - Burpy Cloths for Unisex, Boy, Girl - Multicolored",$8.99,4.8 out of 5 stars,"(3,883)",https://www.amazon.com//Super-Soft-Burp-Cloths-Pack/dp/B08QRRJP4R/ref=sr_1_16?crid=MV0KIF6CZWSJ&keywords=baby+cloth&qid=1670836827&sprefix=baby+cloth%2Caps%2C304&sr=8-16,https://m.media-amazon.com/images/I/91nv3S+FoDL._AC_UL320_.jpg
"Simple Joys by Carter's Unisex Babies' Long-Sleeve Bodysuit, Pack of 5",$13.80,4.8 out of 5 stars,"(9,153)",https://www.amazon.com//gp/slredirect/picassoRedirect.html/ref=pa_sp_mtf_aps_sr_pg1_1?ie=UTF8&adId=A00717411N304GAR94J9K&qualifier=1670836827&id=4240173599828284&widgetName=sp_mtf&url=%2FSimple-Joys-Carters-Long-Sleeve-Bodysuit%2Fdp%2FB01M35CVS0%2Fref%3Dsr_1_17_sspa%3Fcrid%3DMV0KIF6CZWSJ%26keywords%3Dbaby%2Bcloth%26qid%3D1670836827%26sprefix%3Dbaby%2Bcloth%252Caps%252C304%26sr%3D8-17-spons%26psc%3D1,https://m.media-amazon.com/images/I/91iD95ZoCsL._AC_UL320_.jpg
Dancyrose Baby Cloth Books -2 Pcs Ocean and Animal Tail Soft Waterproof Cloth Books Touch and Feel Crinkle Books for Babies Sensory Development for Kids Aged 0-18 mons,$15.99,4.6 out of 5 stars,(9),https://www.amazon.com//gp/slredirect/picassoRedirect.html/ref=pa_sp_mtf_aps_sr_pg1_1?ie=UTF8&adId=A09895401C51ZW9YU1NSM&qualifier=1670836827&id=4240173599828284&widgetName=sp_mtf&url=%2FDancyrose-Waterproof-Crinkle-Sensory-Development%2Fdp%2FB0B8YGLP63%2Fref%3Dsr_1_18_sspa%3Fcrid%3DMV0KIF6CZWSJ%26keywords%3Dbaby%2Bcloth%26qid%3D1670836827%26sprefix%3Dbaby%2Bcloth%252Caps%252C304%26sr%3D8-18-spons%26psc%3D1,https://m.media-amazon.com/images/I/71ckTFBCHTL._AC_UL320_.jpg
"GUNAMUNA Unisex Baby Gown Sleeper, Night Gown with Diaper-Zipper",$24.99,4.6 out of 5 stars,(46),https://www.amazon.com//gp/slredirect/picassoRedirect.html/ref=pa_sp_mtf_aps_sr_pg1_1?ie=UTF8&adId=A00332029FX3E0JMB9Y3&qualifier=1670836827&id=4240173599828284&widgetName=sp_mtf&url=%2FGUNAMUNA-Unisex-gunaGOWN-Sleeper-Diaper-Zipper%2Fdp%2FB08VQ4XLLZ%2Fref%3Dsr_1_19_sspa%3Fcrid%3DMV0KIF6CZWSJ%26keywords%3Dbaby%2Bcloth%26qid%3D1670836827%26sprefix%3Dbaby%2Bcloth%252Caps%252C304%26sr%3D8-19-spons%26psc%3D1,https://m.media-amazon.com/images/I/81P3aFdRpxL._AC_UL320_.jpg
Caiery 10pcs Baby Muslin Washcloths|Baby Washcloths Soft | Baby Muslin Washcloth | Face Towels for Newborn with Sensitive Skin | Shower Gift for Baby Registry 11.5X 11.5 inch(29x29cm),$11.90,4.8 out of 5 stars,(904),https://www.amazon.com//gp/slredirect/picassoRedirect.html/ref=pa_sp_mtf_aps_sr_pg1_1?ie=UTF8&adId=A09851782LICWD1PH19DK&qualifier=1670836827&id=4240173599828284&widgetName=sp_mtf&url=%2FCaiery-Washcloths-Washcloth-Sensitive-Registry%2Fdp%2FB089T612XW%2Fref%3Dsr_1_20_sspa%3Fcrid%3DMV0KIF6CZWSJ%26keywords%3Dbaby%2Bcloth%26qid%3D1670836827%26sprefix%3Dbaby%2Bcloth%252Caps%252C304%26sr%3D8-20-spons%26psc%3D1,https://m.media-amazon.com/images/I/61NhSTXhwuL._AC_UL320_.jpg
Looxii Muslin Burp Cloths 100% Cotton Muslin Cloths Large 20''x10'' Extra Soft and Absorbent 6 Pack Baby Burping Cloth (White),$11.99,4.8 out of 5 stars,"(2,292)",https://www.amazon.com//Muslin-Cloths-Absorbent-Burping-Looxii/dp/B09KRGVG2T/ref=sr_1_21?crid=MV0KIF6CZWSJ&keywords=baby+cloth&qid=1670836827&sprefix=baby+cloth%2Caps%2C304&sr=8-21,https://m.media-amazon.com/images/I/71+M5C71MOL._AC_UL320_.jpg
"Ruvanti 10 Pack, 3 Ply Birdseye Prefold Cloth Diapers for Babies, Newborn Baby, 100% Cotton Reusable Diapers, 13x19"" Burp Clothes for Baby,Toddler, Cloth Diaper Inserts for Overnight, Hand Wash only.",$17.99,3.8 out of 5 stars,(101),https://www.amazon.com//Ruvanti-Birdseye-Diapers-Organic-Reusable/dp/B094XBQXJC/ref=sr_1_22?crid=MV0KIF6CZWSJ&keywords=baby+cloth&qid=1670836827&sprefix=baby+cloth%2Caps%2C304&sr=8-22,https://m.media-amazon.com/images/I/8107-AcT83L._AC_UL320_.jpg
Gerber baby-girls 4 Pack Sleep 'N Play Footie,$21.99,4.7 out of 5 stars,"(56,505)",https://www.amazon.com//Gerber-Girls-4-Pack-Sleep-Months/dp/B07GFV2FS2/ref=sr_1_23?crid=MV0KIF6CZWSJ&keywords=baby+cloth&qid=1670836827&sprefix=baby+cloth%2Caps%2C304&sr=8-23,https://m.media-amazon.com/images/I/91NDq4u8wgL._AC_UL320_.jpg
"Burt's Bees Baby Washcloths, Absorbent Knit Terry, Super Soft 100% Organic Cotton,3 Count (Pack of 1)",$7.99,4.6 out of 5 stars,(124),https://www.amazon.com//Burts-Bees-Baby-Washcloths-Absorbent/dp/B09NZS7MG7/ref=sr_1_24?crid=MV0KIF6CZWSJ&keywords=baby+cloth&qid=1670836827&sprefix=baby+cloth%2Caps%2C304&sr=8-24,https://m.media-amazon.com/images/I/71Ddg5pChOL._AC_UL320_.jpg
"Ultra-Soft Baby Washcloths, 16 Pack - 9"" by 9"", Gentle on Sensitive Skin for Face and Body, Plush, Super Absorbent Wash Clothes for Girls and Boys",$12.99,4.8 out of 5 stars,"(2,078)",https://www.amazon.com//Ultra-Soft-Baby-Washcloths-Pack-Sensitive/dp/B0933L7977/ref=sr_1_25?crid=MV0KIF6CZWSJ&keywords=baby+cloth&qid=1670836827&sprefix=baby+cloth%2Caps%2C304&sr=8-25,https://m.media-amazon.com/images/I/81PPrgcIGhS._AC_UL320_.jpg
"Simple Joys by Carter's Baby Girls' 4-Piece Jacket, Pant, and Bodysuit Set",$15.30,4.8 out of 5 stars,"(5,270)",https://www.amazon.com//Simple-Joys-Carters-4-Piece-Bodysuit/dp/B07MY1L597/ref=sr_1_26?crid=MV0KIF6CZWSJ&keywords=baby+cloth&qid=1670836827&sprefix=baby+cloth%2Caps%2C304&sr=8-26,https://m.media-amazon.com/images/I/91cSyhnahZL._MCnd_AC_UL320_.jpg
Baby Boys Clothes 3 6 9 12 18 24M 3T Pants Set Hooded Patchwork Hoodie Striped Sweatpants Fall Winter Outfit,$19.99,4.5 out of 5 stars,(15),https://www.amazon.com//Clothes-Hooded-Patchwork-Striped-Sweatpants/dp/B0BG9MT52F/ref=sr_1_27?crid=MV0KIF6CZWSJ&keywords=baby+cloth&qid=1670836827&sprefix=baby+cloth%2Caps%2C304&sr=8-27,https://m.media-amazon.com/images/I/616OmQT732L._AC_UL320_.jpg
"Baby Washcloths, Momcozy Ultra Soft Absorbent Towel, 8pcs Newborn Bath Face Towel, Natural Reusable Baby Wipes for Sensitive Skin, Baby Registry as Shower, 10""x10"" (Pink)",$9.99,4.6 out of 5 stars,"(4,369)",https://www.amazon.com//Washcloths-Momcozy-Absorbent-Reusable-Sensitive/dp/B082XN4RWZ/ref=sr_1_28?crid=MV0KIF6CZWSJ&keywords=baby+cloth&qid=1670836827&sprefix=baby+cloth%2Caps%2C304&sr=8-28,https://m.media-amazon.com/images/I/71zWMDV+DpL._AC_UL320_.jpg
"Baby Muslin Washcloths- Natural Muslin Cotton Baby Wipes - Soft Newborn Baby Face Towel for Sensitive Skin- Baby Registry as Shower, 10 Pack 12x12 inches by MUKIN (White)",$15.99,4.8 out of 5 stars,"(4,586)",https://www.amazon.com//Muslin-Washcloths-Natural-Cotton-Wipes/dp/B072JQFPTQ/ref=sr_1_29?crid=MV0KIF6CZWSJ&keywords=baby+cloth&qid=1670836827&sprefix=baby+cloth%2Caps%2C304&sr=8-29,https://m.media-amazon.com/images/I/51dYk5R9HzL._AC_UL320_.jpg
"Simple Joys by Carter's Baby Girls' Jumpsuits, Pack of 2",$13.90,4.7 out of 5 stars,"(5,455)",https://www.amazon.com//Simple-Joys-Carters-2-Pack-Jumpsuits/dp/B07GKNK9F9/ref=sr_1_30?crid=MV0KIF6CZWSJ&keywords=baby+cloth&qid=1670836827&sprefix=baby+cloth%2Caps%2C304&sr=8-30,https://m.media-amazon.com/images/I/91Bv59oX0dL._AC_UL320_.jpg
FOCUTEBB My 1st Christmas Baby Girl Outfits Fall Winter Outfit Ruffle Santa Tree Print Tunic Dress Striped Pants 3-18 Months,$23.95, , ,https://www.amazon.com//FOCUTEBB-Christmas-Ruffle-Striped-Red/dp/B0BJYTWWL4/ref=sr_1_31?crid=MV0KIF6CZWSJ&keywords=baby+cloth&qid=1670836827&sprefix=baby+cloth%2Caps%2C304&sr=8-31,https://m.media-amazon.com/images/I/61v+FZsODsL._AC_UL320_.jpg
Baby Burp Cloths Muslin Washcloths 6Pack - Muslin Burp Cloths Hanky Large 20''x10'' Extra Soft Absorbent Baby Burp Rags for Newborn 100%Cotton for Boys Girls Gift 6 Layers Machine Washable,$14.99,4.8 out of 5 stars,(755),https://www.amazon.com//Baby-Cloths-Muslin-Washcloths-6Pack/dp/B08HMGPGLM/ref=sr_1_32?crid=MV0KIF6CZWSJ&keywords=baby+cloth&qid=1670836827&sprefix=baby+cloth%2Caps%2C304&sr=8-32,https://m.media-amazon.com/images/I/616cKcW7zXL._AC_UL320_.jpg
"Muslin Burp Cloths 10 Pack Large 100% Cotton Hand Washcloths 6 Layers Extra Absorbent and Soft by Comfy Cubs (White, Pack of 10)",$18.95,4.8 out of 5 stars,"(32,590)",https://www.amazon.com//gp/slredirect/picassoRedirect.html/ref=pa_sp_mtf_aps_sr_pg1_1?ie=UTF8&adId=A0067609C2GNIV8HQ8DK&qualifier=1670836827&id=4240173599828284&widgetName=sp_mtf&url=%2FMuslin-Cloths-Cotton-Washcloths-Absorbent%2Fdp%2FB08CBJ2SSQ%2Fref%3Dsr_1_33_sspa%3Fcrid%3DMV0KIF6CZWSJ%26keywords%3Dbaby%2Bcloth%26qid%3D1670836827%26sprefix%3Dbaby%2Bcloth%252Caps%252C304%26sr%3D8-33-spons%26psc%3D1,https://m.media-amazon.com/images/I/51ArKjuQ2dL._AC_UL320_.jpg
"Baby Books 0-6 Months, First Cloth Crinkle Soft Baby Book, Early Education Interactive Toy for Infants, Toddlers, 6-12 Months Boys Girls Birthday Gift for Newborn Sensory Learning Stroller Toy - 2PCS",$14.44,4.8 out of 5 stars,(61),https://www.amazon.com//gp/slredirect/picassoRedirect.html/ref=pa_sp_mtf_aps_sr_pg1_1?ie=UTF8&adId=A09857243OE3RKXKOWC6O&qualifier=1670836827&id=4240173599828284&widgetName=sp_mtf&url=%2FEducation-Interactive-Toddlers-Birthday-Learning%2Fdp%2FB0BBM42X1C%2Fref%3Dsr_1_34_sspa%3Fcrid%3DMV0KIF6CZWSJ%26keywords%3Dbaby%2Bcloth%26qid%3D1670836827%26sprefix%3Dbaby%2Bcloth%252Caps%252C304%26sr%3D8-34-spons%26psc%3D1,https://m.media-amazon.com/images/I/81yNl2WXyIL._AC_UL320_.jpg
"HECCEI Baby Cloth Books, Tail Books, Activity Crinkle Soft Books Toddler Early Development Cloth Books for Baby/Infant/Toddler 3 Months+ (Ocean Tails)",$9.99,4.7 out of 5 stars,(83),https://www.amazon.com//gp/slredirect/picassoRedirect.html/ref=pa_sp_mtf_aps_sr_pg1_1?ie=UTF8&adId=A00616542R0C9CCLWBG72&qualifier=1670836827&id=4240173599828284&widgetName=sp_mtf&url=%2FHECCEI-Activity-Crinkle-Toddler-Development%2Fdp%2FB0924F8WFH%2Fref%3Dsr_1_35_sspa%3Fcrid%3DMV0KIF6CZWSJ%26keywords%3Dbaby%2Bcloth%26qid%3D1670836827%26sprefix%3Dbaby%2Bcloth%252Caps%252C304%26sr%3D8-35-spons%26psc%3D1,https://m.media-amazon.com/images/I/61TpI0umvGS._AC_UL320_.jpg
"Baby Washcloth – 30 Pack of Flannel Newborn Washcloths – 100% Cotton - Fun, Colorful Designs – Reusable – Washable – 7x10 Inch Infant Washcloth Set",$9.99,4.3 out of 5 stars,"(2,534)",https://www.amazon.com//gp/slredirect/picassoRedirect.html/ref=pa_sp_mtf_aps_sr_pg1_1?ie=UTF8&adId=A0818390WNW9P147JXVY&qualifier=1670836827&id=4240173599828284&widgetName=sp_mtf&url=%2FBaby-Washcloth-Washcloths-Colorful-Reusable%2Fdp%2FB09Z8JB851%2Fref%3Dsr_1_36_sspa%3Fcrid%3DMV0KIF6CZWSJ%26keywords%3Dbaby%2Bcloth%26qid%3D1670836827%26sprefix%3Dbaby%2Bcloth%252Caps%252C304%26sr%3D8-36-spons%26psc%3D1,https://m.media-amazon.com/images/I/81VynpuYb-L._AC_UL320_.jpg
Little Planet By Carter's Baby Organic Cotton 2-Way Zip Sleep & Play,$11.95,4.9 out of 5 stars,(317),https://www.amazon.com//Little-Planet-Carters-Organic-Endangered/dp/B09NNZHFKC/ref=sr_1_37?crid=MV0KIF6CZWSJ&keywords=baby+cloth&qid=1670836827&sprefix=baby+cloth%2Caps%2C304&sr=8-37,https://m.media-amazon.com/images/I/71Uh9TEJwkL._MCnd_AC_UL320_.jpg
"Burt's Bees Baby baby-girls Sleep and Play Pjs, 100% Organic Cotton One-piece Romper Jumpsuit Zip Front Pajamas",$15.00,4.8 out of 5 stars,"(20,247)",https://www.amazon.com//Burts-Bees-Baby-One-Piece-Jumpsuit/dp/B07R27GJ5P/ref=sr_1_38?crid=MV0KIF6CZWSJ&keywords=baby+cloth&qid=1670836827&sprefix=baby+cloth%2Caps%2C304&sr=8-38,https://m.media-amazon.com/images/I/61PH750427L._AC_UL320_.jpg
Baby Boy Clothes Newborn Long Sleeve Flannel Plaid Bodysuit + Mini Boss Pants Infant Fall Winter Outfit Set,$21.88,4.8 out of 5 stars,(25),https://www.amazon.com//Clothes-Newborn-Sleeve-Flannel-Bodysuit/dp/B0B9RFTSWH/ref=sr_1_39?crid=MV0KIF6CZWSJ&keywords=baby+cloth&qid=1670836827&sprefix=baby+cloth%2Caps%2C304&sr=8-39,https://m.media-amazon.com/images/I/713YOSFXUIL._AC_UL320_.jpg
"BAMBOO QUEEN 8 Pack Super Soft Baby Burp Cloths, Ultra Absorbent Large Newborn Burping Cloth for Boy and Girl, Milk Spit Up Rags, Unisex Grey and White, 16 × 12 Inch",$14.99,4.8 out of 5 stars,"(1,806)",https://www.amazon.com//BAMBOO-QUEEN-Absorbent-Newborn-Burping/dp/B0936SQTFF/ref=sr_1_40?crid=MV0KIF6CZWSJ&keywords=baby+cloth&qid=1670836827&sprefix=baby+cloth%2Caps%2C304&sr=8-40,https://m.media-amazon.com/images/I/91gFAi7BOMS._AC_UL320_.jpg
"Simple Joys by Carter's Baby Girls' Short-Sleeve Bodysuit, Pack of 6",$13.50,4.8 out of 5 stars,"(39,289)",https://www.amazon.com//Simple-Joys-Carters-Short-Sleeve-Bodysuit/dp/B01MDUHJCM/ref=sr_1_41?crid=MV0KIF6CZWSJ&keywords=baby+cloth&qid=1670836827&sprefix=baby+cloth%2Caps%2C304&sr=8-41,https://m.media-amazon.com/images/I/91Xpc1gOuQL._AC_UL320_.jpg
fioukiay Newborn Baby Girls My First Christmas Clothes Outfits Infant 4pcs Xmax Clothing Pants Set,$19.57, , ,https://www.amazon.com//fioukiay-Christmas-Clothes-Outfits-Clothing/dp/B0BG2KGKGX/ref=sr_1_42?crid=MV0KIF6CZWSJ&keywords=baby+cloth&qid=1670836827&sprefix=baby+cloth%2Caps%2C304&sr=8-42,https://m.media-amazon.com/images/I/71d+5lKXZsL._AC_UL320_.jpg
Hudson Baby baby-girls Cotton Long-sleeve Bodysuits,$15.99,4.7 out of 5 stars,"(25,846)",https://www.amazon.com//Hudson-Baby-Sleeve-Bodysuits-Football/dp/B071FG62P8/ref=sr_1_43?crid=MV0KIF6CZWSJ&keywords=baby+cloth&qid=1670836827&sprefix=baby+cloth%2Caps%2C304&sr=8-43,https://m.media-amazon.com/images/I/81IyipLNoNL._AC_UL320_.jpg
"Burt's Bees Baby Baby Girls' Sleep and Play Pajamas, 100% Organic Cotton One-Piece Romper Jumpsuit Zip Front Pjs",$14.95,5.0 out of 5 stars,(3),https://www.amazon.com//Burts-Bees-Baby-One-Piece-Jumpsuit/dp/B0BHC3RF9S/ref=sr_1_44?crid=MV0KIF6CZWSJ&keywords=baby+cloth&qid=1670836827&sprefix=baby+cloth%2Caps%2C304&sr=8-44,https://m.media-amazon.com/images/I/618vgtF0dtL._AC_UL320_.jpg
"Simple Joys by Carter's Baby Boys' Long-Sleeve Bodysuit, Pack of 5",$13.70,4.8 out of 5 stars,"(30,462)",https://www.amazon.com//Simple-Joys-Carters-Long-Sleeve-Bodysuit/dp/B0795YBN89/ref=sr_1_45?crid=MV0KIF6CZWSJ&keywords=baby+cloth&qid=1670836827&sprefix=baby+cloth%2Caps%2C304&sr=8-45,https://m.media-amazon.com/images/I/919nBS7lqFL._AC_UL320_.jpg
"Orighty Baby Washcloths 24-Pack(7''x9''), Microfiber Coral Fleece Baby Towels, Super Soft and Absorbent Wash Cloths for Newborns, Infants and Toddlers, Gentle on Delicate Skin for Face Hands and Body",$6.99,4.7 out of 5 stars,(44),https://www.amazon.com//Orighty-Washcloths-Microfiber-Absorbent-Newborns/dp/B0B9MSNZ39/ref=sr_1_46?crid=MV0KIF6CZWSJ&keywords=baby+cloth&qid=1670836827&sprefix=baby+cloth%2Caps%2C304&sr=8-46,https://m.media-amazon.com/images/I/71wYw+8WXmL._AC_UL320_.jpg
vivifayee Newborn Baby Girls Pants Set Infant Ruffled Long Sleeve Clothes Cotton Romper 3Pcs Fall Winter Outfits,$9.99,5.0 out of 5 stars,(3),https://www.amazon.com//vivifayee-Newborn-Clothes-Valentines-Headband/dp/B0BL955L4L/ref=sr_1_47?crid=MV0KIF6CZWSJ&keywords=baby+cloth&qid=1670836827&sprefix=baby+cloth%2Caps%2C304&sr=8-47,https://m.media-amazon.com/images/I/71Bw0-jrAqL._AC_UL320_.jpg
Hudson Baby Girls' Cotton Dress and Cardigan Set,$13.99,4.7 out of 5 stars,"(10,397)",https://www.amazon.com//Hudson-Baby-Cotton-Cardigan-Enchanted/dp/B07VF4BS3J/ref=sr_1_48?crid=MV0KIF6CZWSJ&keywords=baby+cloth&qid=1670836827&sprefix=baby+cloth%2Caps%2C304&sr=8-48,https://m.media-amazon.com/images/I/81uaQhB+3KL._MCnd_AC_UL320_.jpg
"Simple Joys by Carter's Toddlers and Baby Boys' Snug-Fit Footed Cotton Pajamas, Pack of 3",$31.00,4.8 out of 5 stars,"(39,845)",https://www.amazon.com//Simple-Joys-Carters-Snug-Fit-Creatures/dp/B0744PTVDH/ref=sr_1_49?crid=MV0KIF6CZWSJ&keywords=baby+cloth&qid=1670836827&sprefix=baby+cloth%2Caps%2C304&sr=8-49,https://m.media-amazon.com/images/I/91AbXaH1SyL._AC_UL320_.jpg
Newborn Infant Baby Boy Girl On Sundays We Watch Football with Daddy Bodysuit Funny Romper Sweatshirt,$15.98,4.7 out of 5 stars,(55),https://www.amazon.com//Newborn-Sundays-Football-Bodysuit-Sweatshirt/dp/B0BC8RWWQH/ref=sr_1_50?crid=MV0KIF6CZWSJ&keywords=baby+cloth&qid=1670836827&sprefix=baby+cloth%2Caps%2C304&sr=8-50,https://m.media-amazon.com/images/I/71iVEwnTAwL._AC_UL320_.jpg
Fleece Baby Bunting Bodysuit – Infant One Piece Kids Hooded Romper Outerwear Toddler Jacket,$29.99,4.7 out of 5 stars,"(16,118)",https://www.amazon.com//Cuddle-Club-Funzies-Bunting-Bodysuit/dp/B074VFT2GG/ref=sr_1_51?crid=MV0KIF6CZWSJ&keywords=baby+cloth&qid=1670836827&sprefix=baby+cloth%2Caps%2C304&sr=8-51,https://m.media-amazon.com/images/I/61WuvJJJD7L._AC_UL320_.jpg
"Simple Joys by Carter's Baby Boys' Rompers, Pack of 3",$22.50,4.8 out of 5 stars,"(14,423)",https://www.amazon.com//Simple-Joys-Carters-Rompers-Turquoise/dp/B071WLRQ7R/ref=sr_1_52?crid=MV0KIF6CZWSJ&keywords=baby+cloth&qid=1670836827&sprefix=baby+cloth%2Caps%2C304&sr=8-52,https://m.media-amazon.com/images/I/91++RyE-DRL._AC_UL320_.jpg
Infant Newborn Baby Girl Clothes Onesies for Baby Girl Long Sleeve Ruffle Baby Clothes with Headband Baby Clothes for Girls,$20.99,4.9 out of 5 stars,(11),https://www.amazon.com//Clothes-3-6-Months-Onesies-Printed/dp/B0BBLSNCC3/ref=sr_1_53?crid=MV0KIF6CZWSJ&keywords=baby+cloth&qid=1670836827&sprefix=baby+cloth%2Caps%2C304&sr=8-53,https://m.media-amazon.com/images/I/71xrl4C0PtL._AC_UL320_.jpg
6 Pack Cotton Baby Burp Cloths Extra Absorbent Soft for Baby Boys and Girls,$13.99,5.0 out of 5 stars,(8),https://www.amazon.com//Cotton-Cloths-Extra-Absorbent-Girls/dp/B0BCNKC6LM/ref=sr_1_54?crid=MV0KIF6CZWSJ&keywords=baby+cloth&qid=1670836827&sprefix=baby+cloth%2Caps%2C304&sr=8-54,https://m.media-amazon.com/images/I/617L0lqv8IL._AC_UL320_.jpg
LUCKBBLO Baby Boy Clothes Newborn Fall Winter Boy Clothes Long Sleeve Striped Romper Overalls Suspender Pants Set 0-24 Months,$21.95,4.3 out of 5 stars,(6),https://www.amazon.com//LUCKBBLO-Bodysuit-Romper-Suspender-Green/dp/B0BB2FGKDY/ref=sr_1_55?crid=MV0KIF6CZWSJ&keywords=baby+cloth&qid=1670836827&sprefix=baby+cloth%2Caps%2C304&sr=8-55,https://m.media-amazon.com/images/I/71h6q0NGYBL._AC_UL320_.jpg
"Simple Joys by Carter's Baby Boys' Pant, Pack of 4",$21.80,4.8 out of 5 stars,"(48,009)",https://www.amazon.com//Simple-Joys-Carters-4-Pack-Months/dp/B01MRDV6RU/ref=sr_1_56?crid=MV0KIF6CZWSJ&keywords=baby+cloth&qid=1670836827&sprefix=baby+cloth%2Caps%2C304&sr=8-56,https://m.media-amazon.com/images/I/91G9QFYCHrL._AC_UL320_.jpg
PATPAT Baby Girls Boys Sweater Infant Toddler Knitted Pullover Top Warm Solid Long Sleeve Fall Winter Clothes,$15.99,4.5 out of 5 stars,(25),https://www.amazon.com//PATPAT-Sweater-Toddler-Knitted-Pullover/dp/B0BCG9J5W2/ref=sr_1_57?crid=MV0KIF6CZWSJ&keywords=baby+cloth&qid=1670836827&sprefix=baby+cloth%2Caps%2C304&sr=8-57,https://m.media-amazon.com/images/I/81ZfMgHH9BL._AC_UL320_.jpg
"Simple Joys by Carter's Baby Boys' Short-Sleeve Bodysuit, Pack of 6",$13.50,4.9 out of 5 stars,"(49,715)",https://www.amazon.com//gp/slredirect/picassoRedirect.html/ref=pa_sp_btf_aps_sr_pg1_1?ie=UTF8&adId=A10200463BIJVMHRMBA1Z&qualifier=1670836827&id=4240173599828284&widgetName=sp_btf&url=%2FSimple-Joys-Carters-Short-Sleeve-Bodysuit%2Fdp%2FB077YBMLJN%2Fref%3Dsr_1_58_sspa%3Fcrid%3DMV0KIF6CZWSJ%26keywords%3Dbaby%2Bcloth%26qid%3D1670836827%26sprefix%3Dbaby%2Bcloth%252Caps%252C304%26sr%3D8-58-spons%26psc%3D1,https://m.media-amazon.com/images/I/81J0daiF1vL._AC_UL320_.jpg
Yoofoss Muslin Burp Cloths for Baby 10 Pack 100% Cotton Baby Washcloths for Boys Girls Large 20''X10'' Super Soft and Absorbent White,$18.95,4.7 out of 5 stars,"(15,470)",https://www.amazon.com//gp/slredirect/picassoRedirect.html/ref=pa_sp_btf_aps_sr_pg1_1?ie=UTF8&adId=A06173823JQFXX8QGWN93&qualifier=1670836827&id=4240173599828284&widgetName=sp_btf&url=%2FMuslin-Cloths-Cotton-Absorbent-YOOFOSS%2Fdp%2FB088RBY8Y5%2Fref%3Dsr_1_59_sspa%3Fcrid%3DMV0KIF6CZWSJ%26keywords%3Dbaby%2Bcloth%26qid%3D1670836827%26sprefix%3Dbaby%2Bcloth%252Caps%252C304%26sr%3D8-59-spons%26psc%3D1,https://m.media-amazon.com/images/I/51ByeYwSPsL._AC_UL320_.jpg
"Orighty Baby Washcloths 24-Pack(7''x9''), Microfiber Coral Fleece Baby Towels, Super Soft and Absorbent Wash Cloths for Newborns, Infants and Toddlers, Gentle on Delicate Skin for Face Hands and Body",$6.99,4.7 out of 5 stars,(44),https://www.amazon.com//gp/slredirect/picassoRedirect.html/ref=pa_sp_btf_aps_sr_pg1_1?ie=UTF8&adId=A01444933GNSZ4WL8JJ2B&qualifier=1670836827&id=4240173599828284&widgetName=sp_btf&url=%2FOrighty-Washcloths-Microfiber-Absorbent-Newborns%2Fdp%2FB0B9MSNZ39%2Fref%3Dsr_1_60_sspa%3Fcrid%3DMV0KIF6CZWSJ%26keywords%3Dbaby%2Bcloth%26qid%3D1670836827%26sprefix%3Dbaby%2Bcloth%252Caps%252C304%26sr%3D8-60-spons%26psc%3D1,https://m.media-amazon.com/images/I/71wYw+8WXmL._AC_UL320_.jpg
"Simple Joys by Carter's Unisex Babies' Washcloth Set, Pack of 10",$9.00,4.7 out of 5 stars,"(2,561)",https://www.amazon.com//gp/slredirect/picassoRedirect.html/ref=pa_sp_atf_aps_sr_pg1_1?ie=UTF8&adId=A012360821FBWMC8RKWIQ&qualifier=1670836836&id=4571107584962025&widgetName=sp_atf&url=%2FSimple-Joys-Carters-Washcloth-Assorted%2Fdp%2FB07ZPPY284%2Fref%3Dsr_1_1_sspa%3Fcrid%3DMV0KIF6CZWSJ%26keywords%3Dbaby%2Bcloth%26qid%3D1670836836%26sprefix%3Dbaby%2Bcloth%252Caps%252C304%26sr%3D8-1-spons%26psc%3D1,https://m.media-amazon.com/images/I/81iV5-cxHPL._AC_UL320_.jpg
Bamboo Baby Washcloths - 2 Layer Soft Absorbent Bamboo Towel - Newborn Bath Face Towel - Natural Baby Wipes for Delicate Skin - Baby Registry as Shower(6 Pack),$9.98,4.8 out of 5 stars,"(14,893)",https://www.amazon.com//gp/slredirect/picassoRedirect.html/ref=pa_sp_atf_aps_sr_pg1_1?ie=UTF8&adId=A07325393OZ2KQ0MFIJA&qualifier=1670836836&id=4571107584962025&widgetName=sp_atf&url=%2FOrganic-Bamboo-Baby-Washcloths-Hypoallergenic%2Fdp%2FB07PF3B1K5%2Fref%3Dsr_1_2_sspa%3Fcrid%3DMV0KIF6CZWSJ%26keywords%3Dbaby%2Bcloth%26qid%3D1670836836%26sprefix%3Dbaby%2Bcloth%252Caps%252C304%26sr%3D8-2-spons%26psc%3D1,https://m.media-amazon.com/images/I/61jrCipyr3L._AC_UL320_.jpg
Yoofoss Muslin Burp Cloths for Baby 10 Pack 100% Cotton Baby Washcloths for Boys Girls Large 20''X10'' Super Soft and Absorbent White,$18.95,4.7 out of 5 stars,"(15,470)",https://www.amazon.com//Muslin-Cloths-Cotton-Absorbent-YOOFOSS/dp/B088RBY8Y5/ref=sr_1_3?crid=MV0KIF6CZWSJ&keywords=baby+cloth&qid=1670836836&sprefix=baby+cloth%2Caps%2C304&sr=8-3,https://m.media-amazon.com/images/I/51ByeYwSPsL._AC_UL320_.jpg
"Orighty Baby Washcloths 24-Pack, Microfiber Coral Fleece Baby Face Towels, Soft and Absorbent Wash Cloths for Newborns, Infants and Toddlers, Gentle on Delicate Skin for Face Hands and Body, 7x9 Inch",$8.99,4.6 out of 5 stars,(849),https://www.amazon.com//Orighty-Washcloths-Microfiber-Absorbent-Newborns/dp/B09KRPRWXM/ref=sr_1_4?crid=MV0KIF6CZWSJ&keywords=baby+cloth&qid=1670836836&sprefix=baby+cloth%2Caps%2C304&sr=8-4,https://m.media-amazon.com/images/I/71yr15w-RTL._AC_UL320_.jpg
Bamboo Baby Washcloths - 2 Layer Soft Absorbent Bamboo Towel - Newborn Bath Face Towel - Natural Baby Wipes for Delicate Skin - Baby Registry as Shower(6 Pack),$9.98,4.8 out of 5 stars,"(14,893)",https://www.amazon.com//Organic-Bamboo-Baby-Washcloths-Hypoallergenic/dp/B07PF3B1K5/ref=sr_1_5?crid=MV0KIF6CZWSJ&keywords=baby+cloth&qid=1670836836&sprefix=baby+cloth%2Caps%2C304&sr=8-5,https://m.media-amazon.com/images/I/61jrCipyr3L._AC_UL320_.jpg
"Simple Joys by Carter's Unisex Babies' Washcloth Set, Pack of 10",$9.00,4.7 out of 5 stars,"(2,561)",https://www.amazon.com//Simple-Joys-Carters-Washcloth-Assorted/dp/B07ZPPY284/ref=sr_1_6?crid=MV0KIF6CZWSJ&keywords=baby+cloth&qid=1670836836&sprefix=baby+cloth%2Caps%2C304&sr=8-6,https://m.media-amazon.com/images/I/81iV5-cxHPL._AC_UL320_.jpg
"Muslin Burp Cloths 10 Pack Large 100% Cotton Hand Washcloths 6 Layers Extra Absorbent and Soft by Comfy Cubs (White, Pack of 10)",$18.95,4.8 out of 5 stars,"(32,590)",https://www.amazon.com//Muslin-Cloths-Cotton-Washcloths-Absorbent/dp/B08CBJ2SSQ/ref=sr_1_7?crid=MV0KIF6CZWSJ&keywords=baby+cloth&qid=1670836836&sprefix=baby+cloth%2Caps%2C304&sr=8-7,https://m.media-amazon.com/images/I/51ArKjuQ2dL._AC_UL320_.jpg
"16 Pack Baby Washcloths - Luxury Multicolor Coral Fleece - Extra Absorbent and Soft Wash Clothes for Newborns, Infants and Toddlers - Suitable for Sensitive Skin and New Born - Baby Shower",$9.86,4.8 out of 5 stars,"(7,113)",https://www.amazon.com//Pack-Baby-Washcloths-Multicolor-Absorbent/dp/B08DN1KTRH/ref=sr_1_8?crid=MV0KIF6CZWSJ&keywords=baby+cloth&qid=1670836836&sprefix=baby+cloth%2Caps%2C304&sr=8-8,https://m.media-amazon.com/images/I/810Z9X7tl5L._AC_UL320_.jpg
"Burt's Bees Baby - 5 Pack of Burp Cloths, 100% Organic Cotton (1 Cloud, 1 Solid Color, 1 Honey Bee Print, 1 Stripe, 1 Alphabet Bee Print, Heather Grey)",$18.46,4.9 out of 5 stars,"(10,369)",https://www.amazon.com//Burts-Bees-Baby-Absorbent-Organic/dp/B01HG74QLI/ref=sr_1_9?crid=MV0KIF6CZWSJ&keywords=baby+cloth&qid=1670836836&sprefix=baby+cloth%2Caps%2C304&sr=8-9,https://m.media-amazon.com/images/I/81VRJrLmKVL._AC_UL320_.jpg
"12 Pack Baby Washcloths - Extra Absorbent and Soft Wash Clothes for Newborns, Infants and Toddlers - Suitable for Baby Skin and New Born - Microfiber Coral Fleece 12x12 Inches",$12.99,4.8 out of 5 stars,"(5,269)",https://www.amazon.com//Pack-Baby-Washcloths-Absorbent-Microfiber/dp/B08696F67M/ref=sr_1_10?crid=MV0KIF6CZWSJ&keywords=baby+cloth&qid=1670836836&sprefix=baby+cloth%2Caps%2C304&sr=8-10,https://m.media-amazon.com/images/I/71fj7G9scIL._AC_UL320_.jpg
"Simple Joys by Carter's Baby Boys' Short-Sleeve Bodysuit, Pack of 6",$13.50,4.9 out of 5 stars,"(49,715)",https://www.amazon.com//Simple-Joys-Carters-Short-Sleeve-Turquoise/dp/B01MDUHQGI/ref=sr_1_11?crid=MV0KIF6CZWSJ&keywords=baby+cloth&qid=1670836836&sprefix=baby+cloth%2Caps%2C304&sr=8-11,https://m.media-amazon.com/images/I/91U4UktkVaL._AC_UL320_.jpg
Newborn Baby Boy Girl Clothes Ribbed Knitted Cotton Long Sleeve Romper Long Pants Solid Color Fall Winter Outfits,$16.99,4.7 out of 5 stars,"(4,330)",https://www.amazon.com//Newborn-Clothes-Ribbed-Knitted-Outfits/dp/B08L93432B/ref=sr_1_12?crid=MV0KIF6CZWSJ&keywords=baby+cloth&qid=1670836836&sprefix=baby+cloth%2Caps%2C304&sr=8-12,https://m.media-amazon.com/images/I/61stHEgKLRL._AC_UL320_.jpg
"Spasilk Washcloth Wipes Set for Newborn Boys and Girls, Soft Terry Washcloth Set, Pack of 10, Blue",$6.29,4.6 out of 5 stars,"(18,805)",https://www.amazon.com//Spasilk-Pack-Soft-Terry-Washcloths/dp/B0071H0M6C/ref=sr_1_13?crid=MV0KIF6CZWSJ&keywords=baby+cloth&qid=1670836836&sprefix=baby+cloth%2Caps%2C304&sr=8-13,https://m.media-amazon.com/images/I/81eaqIu7VpL._AC_UL320_.jpg
Gerber unisex-baby 8-pack Short Sleeve Onesies Bodysuits,$21.95,4.8 out of 5 stars,"(45,273)",https://www.amazon.com//Gerber-Short-Sleeve-Onesies-Bodysuits-Animals/dp/B081DJ36G4/ref=sr_1_14?crid=MV0KIF6CZWSJ&keywords=baby+cloth&qid=1670836836&sprefix=baby+cloth%2Caps%2C304&sr=8-14,https://m.media-amazon.com/images/I/815hVSJKicL._AC_UL320_.jpg
FOOK FISH Muslin Baby Burp Cloths 6 Pack Premium Cotton Burping Rags for Newborn Ultra Soft and Absorbent Unisex Spit Up Rags for Boys and Girls Perfect Baby Registry Gift 20'' X 10'',$14.99,4.8 out of 5 stars,(740),https://www.amazon.com//Premium-Burping-Newborn-Absorbent-Registry/dp/B08X4319RH/ref=sr_1_15?crid=MV0KIF6CZWSJ&keywords=baby+cloth&qid=1670836836&sprefix=baby+cloth%2Caps%2C304&sr=8-15,https://m.media-amazon.com/images/I/716qIcVcrJL._AC_UL320_.jpg
"MUKIN Baby Muslin Washcloths - Soft Face Cloths for Newborn, Absorbent Bath Face Towels, Baby Wipes, Burp Cloths or Face Towels, Baby Registry as Shower. Pack of 6 -12x12 inches (Pink)",$12.99,4.6 out of 5 stars,(704),https://www.amazon.com//MUKIN-Baby-Muslin-Washcloths-Cloths/dp/B09BKQS64Y/ref=sr_1_16?crid=MV0KIF6CZWSJ&keywords=baby+cloth&qid=1670836836&sprefix=baby+cloth%2Caps%2C304&sr=8-16,https://m.media-amazon.com/images/I/61U14D8dWhL._AC_UL320_.jpg
"Simple Joys by Carter's Unisex Babies' Long-Sleeve Bodysuit, Pack of 5",$13.80,4.8 out of 5 stars,"(9,153)",https://www.amazon.com//gp/slredirect/picassoRedirect.html/ref=pa_sp_mtf_aps_sr_pg1_1?ie=UTF8&adId=A00717411N304GAR94J9K&qualifier=1670836836&id=4571107584962025&widgetName=sp_mtf&url=%2FSimple-Joys-Carters-Long-Sleeve-Bodysuit%2Fdp%2FB01M35CVS0%2Fref%3Dsr_1_17_sspa%3Fcrid%3DMV0KIF6CZWSJ%26keywords%3Dbaby%2Bcloth%26qid%3D1670836836%26sprefix%3Dbaby%2Bcloth%252Caps%252C304%26sr%3D8-17-spons%26psc%3D1,https://m.media-amazon.com/images/I/91iD95ZoCsL._AC_UL320_.jpg
Dancyrose Baby Cloth Books -2 Pcs Ocean and Animal Tail Soft Waterproof Cloth Books Touch and Feel Crinkle Books for Babies Sensory Development for Kids Aged 0-18 mons,$15.99,4.6 out of 5 stars,(9),https://www.amazon.com//gp/slredirect/picassoRedirect.html/ref=pa_sp_mtf_aps_sr_pg1_1?ie=UTF8&adId=A09895401C51ZW9YU1NSM&qualifier=1670836836&id=4571107584962025&widgetName=sp_mtf&url=%2FDancyrose-Waterproof-Crinkle-Sensory-Development%2Fdp%2FB0B8YGLP63%2Fref%3Dsr_1_18_sspa%3Fcrid%3DMV0KIF6CZWSJ%26keywords%3Dbaby%2Bcloth%26qid%3D1670836836%26sprefix%3Dbaby%2Bcloth%252Caps%252C304%26sr%3D8-18-spons%26psc%3D1,https://m.media-amazon.com/images/I/71ckTFBCHTL._AC_UL320_.jpg
"beiens Baby Books Toys, Touch and Feel Crinkle Cloth Books for Babies, Infants & Toddler, Early Development Interactive Car & Stroller Soft Toys Gifts for Boys & Girls (Jungle Tails-1 Book)",$15.99,4.6 out of 5 stars,"(9,859)",https://www.amazon.com//gp/slredirect/picassoRedirect.html/ref=pa_sp_mtf_aps_sr_pg1_1?ie=UTF8&adId=A102864521MCXBMEC3V05&qualifier=1670836836&id=4571107584962025&widgetName=sp_mtf&url=%2Fbeiens-Crinkle-Children-Development-Interactive%2Fdp%2FB07TXYC6WD%2Fref%3Dsr_1_19_sspa%3Fcrid%3DMV0KIF6CZWSJ%26keywords%3Dbaby%2Bcloth%26qid%3D1670836836%26sprefix%3Dbaby%2Bcloth%252Caps%252C304%26sr%3D8-19-spons%26psc%3D1,https://m.media-amazon.com/images/I/713ALTiu+5L._AC_UL320_.jpg
Caiery 10pcs Baby Muslin Washcloths|Baby Washcloths Soft | Baby Muslin Washcloth | Face Towels for Newborn with Sensitive Skin | Shower Gift for Baby Registry 11.5X 11.5 inch(29x29cm),$11.90,4.8 out of 5 stars,(904),https://www.amazon.com//gp/slredirect/picassoRedirect.html/ref=pa_sp_mtf_aps_sr_pg1_1?ie=UTF8&adId=A09851782LICWD1PH19DK&qualifier=1670836836&id=4571107584962025&widgetName=sp_mtf&url=%2FCaiery-Washcloths-Washcloth-Sensitive-Registry%2Fdp%2FB089T612XW%2Fref%3Dsr_1_20_sspa%3Fcrid%3DMV0KIF6CZWSJ%26keywords%3Dbaby%2Bcloth%26qid%3D1670836836%26sprefix%3Dbaby%2Bcloth%252Caps%252C304%26sr%3D8-20-spons%26psc%3D1,https://m.media-amazon.com/images/I/61NhSTXhwuL._AC_UL320_.jpg
"Super Soft Burp Cloths 8 Pack - Thick Baby Washcloths - Extra Absorbent - Perfect Size Large 20"" by 10"" - Light and Easy to Carry - Milk Spit Up Rag - Burpy Cloths for Unisex, Boy, Girl - Multicolored",$8.99,4.8 out of 5 stars,"(3,883)",https://www.amazon.com//Super-Soft-Burp-Cloths-Pack/dp/B08QRRJP4R/ref=sr_1_21?crid=MV0KIF6CZWSJ&keywords=baby+cloth&qid=1670836836&sprefix=baby+cloth%2Caps%2C304&sr=8-21,https://m.media-amazon.com/images/I/91nv3S+FoDL._AC_UL320_.jpg
Looxii Muslin Burp Cloths 100% Cotton Muslin Cloths Large 20''x10'' Extra Soft and Absorbent 6 Pack Baby Burping Cloth (White),$11.99,4.8 out of 5 stars,"(2,292)",https://www.amazon.com//Muslin-Cloths-Absorbent-Burping-Looxii/dp/B09KRGVG2T/ref=sr_1_22?crid=MV0KIF6CZWSJ&keywords=baby+cloth&qid=1670836836&sprefix=baby+cloth%2Caps%2C304&sr=8-22,https://m.media-amazon.com/images/I/71+M5C71MOL._AC_UL320_.jpg
"Ruvanti 10 Pack, 3 Ply Birdseye Prefold Cloth Diapers for Babies, Newborn Baby, 100% Cotton Reusable Diapers, 13x19"" Burp Clothes for Baby,Toddler, Cloth Diaper Inserts for Overnight, Hand Wash only.",$17.99,3.8 out of 5 stars,(101),https://www.amazon.com//Ruvanti-Birdseye-Diapers-Organic-Reusable/dp/B094XBQXJC/ref=sr_1_23?crid=MV0KIF6CZWSJ&keywords=baby+cloth&qid=1670836836&sprefix=baby+cloth%2Caps%2C304&sr=8-23,https://m.media-amazon.com/images/I/8107-AcT83L._AC_UL320_.jpg
Gerber baby-girls 4 Pack Sleep 'N Play Footie,$21.99,4.7 out of 5 stars,"(56,505)",https://www.amazon.com//Gerber-Girls-4-Pack-Sleep-Months/dp/B07GFV2FS2/ref=sr_1_24?crid=MV0KIF6CZWSJ&keywords=baby+cloth&qid=1670836836&sprefix=baby+cloth%2Caps%2C304&sr=8-24,https://m.media-amazon.com/images/I/91NDq4u8wgL._AC_UL320_.jpg
"Burt's Bees Baby Washcloths, Absorbent Knit Terry, Super Soft 100% Organic Cotton,3 Count (Pack of 1)",$7.99,4.6 out of 5 stars,(124),https://www.amazon.com//Burts-Bees-Baby-Washcloths-Absorbent/dp/B09NZS7MG7/ref=sr_1_25?crid=MV0KIF6CZWSJ&keywords=baby+cloth&qid=1670836836&sprefix=baby+cloth%2Caps%2C304&sr=8-25,https://m.media-amazon.com/images/I/71Ddg5pChOL._AC_UL320_.jpg
"Ultra-Soft Baby Washcloths, 16 Pack - 9"" by 9"", Gentle on Sensitive Skin for Face and Body, Plush, Super Absorbent Wash Clothes for Girls and Boys",$12.99,4.8 out of 5 stars,"(2,078)",https://www.amazon.com//Ultra-Soft-Baby-Washcloths-Pack-Sensitive/dp/B0933L7977/ref=sr_1_26?crid=MV0KIF6CZWSJ&keywords=baby+cloth&qid=1670836836&sprefix=baby+cloth%2Caps%2C304&sr=8-26,https://m.media-amazon.com/images/I/81PPrgcIGhS._AC_UL320_.jpg
"Simple Joys by Carter's Baby Girls' 4-Piece Jacket, Pant, and Bodysuit Set",$15.30,4.8 out of 5 stars,"(5,270)",https://www.amazon.com//Simple-Joys-Carters-4-Piece-Bodysuit/dp/B07MY1L597/ref=sr_1_27?crid=MV0KIF6CZWSJ&keywords=baby+cloth&qid=1670836836&sprefix=baby+cloth%2Caps%2C304&sr=8-27,https://m.media-amazon.com/images/I/91cSyhnahZL._MCnd_AC_UL320_.jpg
Baby Boys Clothes 3 6 9 12 18 24M 3T Pants Set Hooded Patchwork Hoodie Striped Sweatpants Fall Winter Outfit,$19.99,4.5 out of 5 stars,(15),https://www.amazon.com//Clothes-Hooded-Patchwork-Striped-Sweatpants/dp/B0BG9MT52F/ref=sr_1_28?crid=MV0KIF6CZWSJ&keywords=baby+cloth&qid=1670836836&sprefix=baby+cloth%2Caps%2C304&sr=8-28,https://m.media-amazon.com/images/I/616OmQT732L._AC_UL320_.jpg
"Baby Washcloths, Momcozy Ultra Soft Absorbent Towel, 8pcs Newborn Bath Face Towel, Natural Reusable Baby Wipes for Sensitive Skin, Baby Registry as Shower, 10""x10"" (Pink)",$9.99,4.6 out of 5 stars,"(4,369)",https://www.amazon.com//Washcloths-Momcozy-Absorbent-Reusable-Sensitive/dp/B082XN4RWZ/ref=sr_1_29?crid=MV0KIF6CZWSJ&keywords=baby+cloth&qid=1670836836&sprefix=baby+cloth%2Caps%2C304&sr=8-29,https://m.media-amazon.com/images/I/71zWMDV+DpL._AC_UL320_.jpg
"Baby Muslin Washcloths- Natural Muslin Cotton Baby Wipes - Soft Newborn Baby Face Towel for Sensitive Skin- Baby Registry as Shower, 10 Pack 12x12 inches by MUKIN (White)",$15.99,4.8 out of 5 stars,"(4,586)",https://www.amazon.com//Muslin-Washcloths-Natural-Cotton-Wipes/dp/B072JQFPTQ/ref=sr_1_30?crid=MV0KIF6CZWSJ&keywords=baby+cloth&qid=1670836836&sprefix=baby+cloth%2Caps%2C304&sr=8-30,https://m.media-amazon.com/images/I/51dYk5R9HzL._AC_UL320_.jpg
"Simple Joys by Carter's Baby Girls' Jumpsuits, Pack of 2",$13.90,4.7 out of 5 stars,"(5,455)",https://www.amazon.com//Simple-Joys-Carters-2-Pack-Jumpsuits/dp/B07GKNK9F9/ref=sr_1_31?crid=MV0KIF6CZWSJ&keywords=baby+cloth&qid=1670836836&sprefix=baby+cloth%2Caps%2C304&sr=8-31,https://m.media-amazon.com/images/I/91Bv59oX0dL._AC_UL320_.jpg
FOCUTEBB My 1st Christmas Baby Girl Outfits Fall Winter Outfit Ruffle Santa Tree Print Tunic Dress Striped Pants 3-18 Months,$23.95, , ,https://www.amazon.com//FOCUTEBB-Christmas-Ruffle-Striped-Red/dp/B0BJYTWWL4/ref=sr_1_32?crid=MV0KIF6CZWSJ&keywords=baby+cloth&qid=1670836836&sprefix=baby+cloth%2Caps%2C304&sr=8-32,https://m.media-amazon.com/images/I/61v+FZsODsL._AC_UL320_.jpg
"Muslin Burp Cloths 10 Pack Large 100% Cotton Hand Washcloths 6 Layers Extra Absorbent and Soft by Comfy Cubs (White, Pack of 10)",$18.95,4.8 out of 5 stars,"(32,590)",https://www.amazon.com//gp/slredirect/picassoRedirect.html/ref=pa_sp_mtf_aps_sr_pg1_1?ie=UTF8&adId=A0067609C2GNIV8HQ8DK&qualifier=1670836836&id=4571107584962025&widgetName=sp_mtf&url=%2FMuslin-Cloths-Cotton-Washcloths-Absorbent%2Fdp%2FB08CBJ2SSQ%2Fref%3Dsr_1_33_sspa%3Fcrid%3DMV0KIF6CZWSJ%26keywords%3Dbaby%2Bcloth%26qid%3D1670836836%26sprefix%3Dbaby%2Bcloth%252Caps%252C304%26sr%3D8-33-spons%26psc%3D1,https://m.media-amazon.com/images/I/51ArKjuQ2dL._AC_UL320_.jpg
"Baby Books 0-6 Months, First Cloth Crinkle Soft Baby Book, Early Education Interactive Toy for Infants, Toddlers, 6-12 Months Boys Girls Birthday Gift for Newborn Sensory Learning Stroller Toy - 2PCS",$14.44,4.8 out of 5 stars,(61),https://www.amazon.com//gp/slredirect/picassoRedirect.html/ref=pa_sp_mtf_aps_sr_pg1_1?ie=UTF8&adId=A09857243OE3RKXKOWC6O&qualifier=1670836836&id=4571107584962025&widgetName=sp_mtf&url=%2FEducation-Interactive-Toddlers-Birthday-Learning%2Fdp%2FB0BBM42X1C%2Fref%3Dsr_1_34_sspa%3Fcrid%3DMV0KIF6CZWSJ%26keywords%3Dbaby%2Bcloth%26qid%3D1670836836%26sprefix%3Dbaby%2Bcloth%252Caps%252C304%26sr%3D8-34-spons%26psc%3D1,https://m.media-amazon.com/images/I/81yNl2WXyIL._AC_UL320_.jpg
"HECCEI Baby Cloth Books, Tail Books, Activity Crinkle Soft Books Toddler Early Development Cloth Books for Baby/Infant/Toddler 3 Months+ (Ocean Tails)",$9.99,4.7 out of 5 stars,(83),https://www.amazon.com//gp/slredirect/picassoRedirect.html/ref=pa_sp_mtf_aps_sr_pg1_1?ie=UTF8&adId=A00616542R0C9CCLWBG72&qualifier=1670836836&id=4571107584962025&widgetName=sp_mtf&url=%2FHECCEI-Activity-Crinkle-Toddler-Development%2Fdp%2FB0924F8WFH%2Fref%3Dsr_1_35_sspa%3Fcrid%3DMV0KIF6CZWSJ%26keywords%3Dbaby%2Bcloth%26qid%3D1670836836%26sprefix%3Dbaby%2Bcloth%252Caps%252C304%26sr%3D8-35-spons%26psc%3D1,https://m.media-amazon.com/images/I/61TpI0umvGS._AC_UL320_.jpg
"Baby Washcloth – 30 Pack of Flannel Newborn Washcloths – 100% Cotton - Fun, Colorful Designs – Reusable – Washable – 7x10 Inch Infant Washcloth Set",$9.99,4.3 out of 5 stars,"(2,534)",https://www.amazon.com//gp/slredirect/picassoRedirect.html/ref=pa_sp_mtf_aps_sr_pg1_1?ie=UTF8&adId=A0818390WNW9P147JXVY&qualifier=1670836836&id=4571107584962025&widgetName=sp_mtf&url=%2FBaby-Washcloth-Washcloths-Colorful-Reusable%2Fdp%2FB09Z8JB851%2Fref%3Dsr_1_36_sspa%3Fcrid%3DMV0KIF6CZWSJ%26keywords%3Dbaby%2Bcloth%26qid%3D1670836836%26sprefix%3Dbaby%2Bcloth%252Caps%252C304%26sr%3D8-36-spons%26psc%3D1,https://m.media-amazon.com/images/I/81VynpuYb-L._AC_UL320_.jpg
Baby Burp Cloths Muslin Washcloths 6Pack - Muslin Burp Cloths Hanky Large 20''x10'' Extra Soft Absorbent Baby Burp Rags for Newborn 100%Cotton for Boys Girls Gift 6 Layers Machine Washable,$14.99,4.8 out of 5 stars,(755),https://www.amazon.com//Baby-Cloths-Muslin-Washcloths-6Pack/dp/B08HMGPGLM/ref=sr_1_37?crid=MV0KIF6CZWSJ&keywords=baby+cloth&qid=1670836836&sprefix=baby+cloth%2Caps%2C304&sr=8-37,https://m.media-amazon.com/images/I/616cKcW7zXL._AC_UL320_.jpg
Little Planet By Carter's Baby Organic Cotton 2-Way Zip Sleep & Play,$11.95,4.9 out of 5 stars,(317),https://www.amazon.com//Little-Planet-Carters-Organic-Endangered/dp/B09NNZHFKC/ref=sr_1_38?crid=MV0KIF6CZWSJ&keywords=baby+cloth&qid=1670836836&sprefix=baby+cloth%2Caps%2C304&sr=8-38,https://m.media-amazon.com/images/I/71Uh9TEJwkL._MCnd_AC_UL320_.jpg
"Burt's Bees Baby baby-girls Sleep and Play Pjs, 100% Organic Cotton One-piece Romper Jumpsuit Zip Front Pajamas",$15.00,4.8 out of 5 stars,"(20,247)",https://www.amazon.com//Burts-Bees-Baby-One-Piece-Jumpsuit/dp/B07R27GJ5P/ref=sr_1_39?crid=MV0KIF6CZWSJ&keywords=baby+cloth&qid=1670836836&sprefix=baby+cloth%2Caps%2C304&sr=8-39,https://m.media-amazon.com/images/I/61PH750427L._AC_UL320_.jpg
Baby Boy Clothes Newborn Long Sleeve Flannel Plaid Bodysuit + Mini Boss Pants Infant Fall Winter Outfit Set,$21.88,4.8 out of 5 stars,(25),https://www.amazon.com//Clothes-Newborn-Sleeve-Flannel-Bodysuit/dp/B0B9RFTSWH/ref=sr_1_40?crid=MV0KIF6CZWSJ&keywords=baby+cloth&qid=1670836836&sprefix=baby+cloth%2Caps%2C304&sr=8-40,https://m.media-amazon.com/images/I/713YOSFXUIL._AC_UL320_.jpg
"BAMBOO QUEEN 8 Pack Super Soft Baby Burp Cloths, Ultra Absorbent Large Newborn Burping Cloth for Boy and Girl, Milk Spit Up Rags, Unisex Grey and White, 16 × 12 Inch",$14.99,4.8 out of 5 stars,"(1,806)",https://www.amazon.com//BAMBOO-QUEEN-Absorbent-Newborn-Burping/dp/B0936SQTFF/ref=sr_1_41?crid=MV0KIF6CZWSJ&keywords=baby+cloth&qid=1670836836&sprefix=baby+cloth%2Caps%2C304&sr=8-41,https://m.media-amazon.com/images/I/91gFAi7BOMS._AC_UL320_.jpg
"Simple Joys by Carter's Baby Girls' Short-Sleeve Bodysuit, Pack of 6",$13.50,4.8 out of 5 stars,"(39,289)",https://www.amazon.com//Simple-Joys-Carters-Short-Sleeve-Bodysuit/dp/B01MDUHJCM/ref=sr_1_42?crid=MV0KIF6CZWSJ&keywords=baby+cloth&qid=1670836836&sprefix=baby+cloth%2Caps%2C304&sr=8-42,https://m.media-amazon.com/images/I/91Xpc1gOuQL._AC_UL320_.jpg
fioukiay Newborn Baby Girls My First Christmas Clothes Outfits Infant 4pcs Xmax Clothing Pants Set,$19.57, , ,https://www.amazon.com//fioukiay-Christmas-Clothes-Outfits-Clothing/dp/B0BG2KGKGX/ref=sr_1_43?crid=MV0KIF6CZWSJ&keywords=baby+cloth&qid=1670836836&sprefix=baby+cloth%2Caps%2C304&sr=8-43,https://m.media-amazon.com/images/I/71d+5lKXZsL._AC_UL320_.jpg
Hudson Baby baby-girls Cotton Long-sleeve Bodysuits,$15.99,4.7 out of 5 stars,"(25,846)",https://www.amazon.com//Hudson-Baby-Sleeve-Bodysuits-Football/dp/B071FG62P8/ref=sr_1_44?crid=MV0KIF6CZWSJ&keywords=baby+cloth&qid=1670836836&sprefix=baby+cloth%2Caps%2C304&sr=8-44,https://m.media-amazon.com/images/I/81IyipLNoNL._AC_UL320_.jpg
"Burt's Bees Baby Baby Girls' Sleep and Play Pajamas, 100% Organic Cotton One-Piece Romper Jumpsuit Zip Front Pjs",$14.95,5.0 out of 5 stars,(3),https://www.amazon.com//Burts-Bees-Baby-One-Piece-Jumpsuit/dp/B0BHC3RF9S/ref=sr_1_45?crid=MV0KIF6CZWSJ&keywords=baby+cloth&qid=1670836836&sprefix=baby+cloth%2Caps%2C304&sr=8-45,https://m.media-amazon.com/images/I/618vgtF0dtL._AC_UL320_.jpg
"Simple Joys by Carter's Baby Boys' Long-Sleeve Bodysuit, Pack of 5",$13.70,4.8 out of 5 stars,"(30,462)",https://www.amazon.com//Simple-Joys-Carters-Long-Sleeve-Bodysuit/dp/B0795YBN89/ref=sr_1_46?crid=MV0KIF6CZWSJ&keywords=baby+cloth&qid=1670836836&sprefix=baby+cloth%2Caps%2C304&sr=8-46,https://m.media-amazon.com/images/I/919nBS7lqFL._AC_UL320_.jpg
"Orighty Baby Washcloths 24-Pack(7''x9''), Microfiber Coral Fleece Baby Towels, Super Soft and Absorbent Wash Cloths for Newborns, Infants and Toddlers, Gentle on Delicate Skin for Face Hands and Body",$6.99,4.7 out of 5 stars,(44),https://www.amazon.com//Orighty-Washcloths-Microfiber-Absorbent-Newborns/dp/B0B9MSNZ39/ref=sr_1_47?crid=MV0KIF6CZWSJ&keywords=baby+cloth&qid=1670836836&sprefix=baby+cloth%2Caps%2C304&sr=8-47,https://m.media-amazon.com/images/I/71wYw+8WXmL._AC_UL320_.jpg
vivifayee Newborn Baby Girls Pants Set Infant Ruffled Long Sleeve Clothes Cotton Romper 3Pcs Fall Winter Outfits,$9.99,5.0 out of 5 stars,(3),https://www.amazon.com//vivifayee-Newborn-Clothes-Valentines-Headband/dp/B0BL955L4L/ref=sr_1_48?crid=MV0KIF6CZWSJ&keywords=baby+cloth&qid=1670836836&sprefix=baby+cloth%2Caps%2C304&sr=8-48,https://m.media-amazon.com/images/I/71Bw0-jrAqL._AC_UL320_.jpg
Hudson Baby Girls' Cotton Dress and Cardigan Set,$13.99,4.7 out of 5 stars,"(10,397)",https://www.amazon.com//Hudson-Baby-Cotton-Cardigan-Enchanted/dp/B07VF4BS3J/ref=sr_1_49?crid=MV0KIF6CZWSJ&keywords=baby+cloth&qid=1670836836&sprefix=baby+cloth%2Caps%2C304&sr=8-49,https://m.media-amazon.com/images/I/81uaQhB+3KL._MCnd_AC_UL320_.jpg
"Simple Joys by Carter's Toddlers and Baby Boys' Snug-Fit Footed Cotton Pajamas, Pack of 3",$31.00,4.8 out of 5 stars,"(39,845)",https://www.amazon.com//Simple-Joys-Carters-Snug-Fit-Creatures/dp/B0744PTVDH/ref=sr_1_50?crid=MV0KIF6CZWSJ&keywords=baby+cloth&qid=1670836836&sprefix=baby+cloth%2Caps%2C304&sr=8-50,https://m.media-amazon.com/images/I/91AbXaH1SyL._AC_UL320_.jpg
Newborn Infant Baby Boy Girl On Sundays We Watch Football with Daddy Bodysuit Funny Romper Sweatshirt,$15.98,4.7 out of 5 stars,(55),https://www.amazon.com//Newborn-Sundays-Football-Bodysuit-Sweatshirt/dp/B0BC8RWWQH/ref=sr_1_51?crid=MV0KIF6CZWSJ&keywords=baby+cloth&qid=1670836836&sprefix=baby+cloth%2Caps%2C304&sr=8-51,https://m.media-amazon.com/images/I/71iVEwnTAwL._AC_UL320_.jpg
Fleece Baby Bunting Bodysuit – Infant One Piece Kids Hooded Romper Outerwear Toddler Jacket,$29.99,4.7 out of 5 stars,"(16,118)",https://www.amazon.com//Cuddle-Club-Funzies-Bunting-Bodysuit/dp/B074VFT2GG/ref=sr_1_52?crid=MV0KIF6CZWSJ&keywords=baby+cloth&qid=1670836836&sprefix=baby+cloth%2Caps%2C304&sr=8-52,https://m.media-amazon.com/images/I/61WuvJJJD7L._AC_UL320_.jpg
"Simple Joys by Carter's Baby Boys' Rompers, Pack of 3",$22.50,4.8 out of 5 stars,"(14,423)",https://www.amazon.com//Simple-Joys-Carters-Rompers-Turquoise/dp/B071WLRQ7R/ref=sr_1_53?crid=MV0KIF6CZWSJ&keywords=baby+cloth&qid=1670836836&sprefix=baby+cloth%2Caps%2C304&sr=8-53,https://m.media-amazon.com/images/I/91++RyE-DRL._AC_UL320_.jpg
Infant Newborn Baby Girl Clothes Onesies for Baby Girl Long Sleeve Ruffle Baby Clothes with Headband Baby Clothes for Girls,$20.99,4.9 out of 5 stars,(11),https://www.amazon.com//Clothes-3-6-Months-Onesies-Printed/dp/B0BBLSNCC3/ref=sr_1_54?crid=MV0KIF6CZWSJ&keywords=baby+cloth&qid=1670836836&sprefix=baby+cloth%2Caps%2C304&sr=8-54,https://m.media-amazon.com/images/I/71xrl4C0PtL._AC_UL320_.jpg
6 Pack Cotton Baby Burp Cloths Extra Absorbent Soft for Baby Boys and Girls,$13.99,5.0 out of 5 stars,(8),https://www.amazon.com//Cotton-Cloths-Extra-Absorbent-Girls/dp/B0BCNKC6LM/ref=sr_1_55?crid=MV0KIF6CZWSJ&keywords=baby+cloth&qid=1670836836&sprefix=baby+cloth%2Caps%2C304&sr=8-55,https://m.media-amazon.com/images/I/617L0lqv8IL._AC_UL320_.jpg
LUCKBBLO Baby Boy Clothes Newborn Fall Winter Boy Clothes Long Sleeve Striped Romper Overalls Suspender Pants Set 0-24 Months,$21.95,4.3 out of 5 stars,(6),https://www.amazon.com//LUCKBBLO-Bodysuit-Romper-Suspender-Green/dp/B0BB2FGKDY/ref=sr_1_56?crid=MV0KIF6CZWSJ&keywords=baby+cloth&qid=1670836836&sprefix=baby+cloth%2Caps%2C304&sr=8-56,https://m.media-amazon.com/images/I/71h6q0NGYBL._AC_UL320_.jpg
"Simple Joys by Carter's Baby Boys' Pant, Pack of 4",$21.80,4.8 out of 5 stars,"(48,009)",https://www.amazon.com//Simple-Joys-Carters-4-Pack-Months/dp/B01MRDV6RU/ref=sr_1_57?crid=MV0KIF6CZWSJ&keywords=baby+cloth&qid=1670836836&sprefix=baby+cloth%2Caps%2C304&sr=8-57,https://m.media-amazon.com/images/I/91G9QFYCHrL._AC_UL320_.jpg
PATPAT Baby Girls Boys Sweater Infant Toddler Knitted Pullover Top Warm Solid Long Sleeve Fall Winter Clothes,$15.99,4.5 out of 5 stars,(25),https://www.amazon.com//PATPAT-Sweater-Toddler-Knitted-Pullover/dp/B0BCG9J5W2/ref=sr_1_58?crid=MV0KIF6CZWSJ&keywords=baby+cloth&qid=1670836836&sprefix=baby+cloth%2Caps%2C304&sr=8-58,https://m.media-amazon.com/images/I/81ZfMgHH9BL._AC_UL320_.jpg
"Simple Joys by Carter's Baby Boys' Short-Sleeve Bodysuit, Pack of 6",$13.50,4.9 out of 5 stars,"(49,715)",https://www.amazon.com//gp/slredirect/picassoRedirect.html/ref=pa_sp_btf_aps_sr_pg1_1?ie=UTF8&adId=A10200463BIJVMHRMBA1Z&qualifier=1670836836&id=4571107584962025&widgetName=sp_btf&url=%2FSimple-Joys-Carters-Short-Sleeve-Bodysuit%2Fdp%2FB077YBMLJN%2Fref%3Dsr_1_59_sspa%3Fcrid%3DMV0KIF6CZWSJ%26keywords%3Dbaby%2Bcloth%26qid%3D1670836836%26sprefix%3Dbaby%2Bcloth%252Caps%252C304%26sr%3D8-59-spons%26psc%3D1,https://m.media-amazon.com/images/I/81J0daiF1vL._AC_UL320_.jpg
Yoofoss Muslin Burp Cloths for Baby 10 Pack 100% Cotton Baby Washcloths for Boys Girls Large 20''X10'' Super Soft and Absorbent White,$18.95,4.7 out of 5 stars,"(15,470)",https://www.amazon.com//gp/slredirect/picassoRedirect.html/ref=pa_sp_btf_aps_sr_pg1_1?ie=UTF8&adId=A06173823JQFXX8QGWN93&qualifier=1670836836&id=4571107584962025&widgetName=sp_btf&url=%2FMuslin-Cloths-Cotton-Absorbent-YOOFOSS%2Fdp%2FB088RBY8Y5%2Fref%3Dsr_1_60_sspa%3Fcrid%3DMV0KIF6CZWSJ%26keywords%3Dbaby%2Bcloth%26qid%3D1670836836%26sprefix%3Dbaby%2Bcloth%252Caps%252C304%26sr%3D8-60-spons%26psc%3D1,https://m.media-amazon.com/images/I/51ByeYwSPsL._AC_UL320_.jpg
